keyword,image_url,scrape_date
saree fashion,https://i.pinimg.com/60x60/51/1e/52/511e52e6208f4d61d4ee6d868a49b483.jpg,2026-03-03
saree fashion,https://i.pinimg.com/60x60/33/8c/0e/338c0eb3b19010df41739193c720b227.jpg,2026-03-03
saree fashion,https://i.pinimg.com/60x60/1b/28/e9/1b28e9b88884bb2a9ecaec90897bd12a.jpg,2026-03-03
saree fashion,https://i.pinimg.com/60x60/9e/48/f5/9e48f586fdff29880da2052a078ed61a.jpg,2026-03-03
saree fashion,https://i.pinimg.com/60x60/67/aa/bd/67aabd4f0b8842d8d09be7756ac0d331.jpg,2026-03-03
saree fashion,https://i.pinimg.com/60x60/4a/a3/16/4aa316ea65b35e82da4a404960e0abe1.jpg,2026-03-03
saree fashion,https://i.pinimg.com/60x60/9d/14/fa/9d14fa1ce0ecddc6f8011f9684d573c1.jpg,2026-03-03
saree fashion,https://i.pinimg.com/60x60/c0/8a/6b/c08a6b93db05ebdbf4724422f1b63ca8.jpg,2026-03-03
saree fashion,https://i.pinimg.com/60x60/49/19/3b/49193b4af7aaf98b7deae40ef3aaf5bd.jpg,2026-03-03
saree fashion,https://i.pinimg.com/60x60/36/ca/62/36ca623a230b0f152d22d9d580f9bcd8.jpg,2026-03-03
saree fashion,https://i.pinimg.com/60x60/b8/ac/1d/b8ac1d9484dd4747c127a68dbbdad887.jpg,2026-03-03
saree fashion,https://i.pinimg.com/60x60/d9/dd/9a/d9dd9a1c432f24e7514563704bf10377.jpg,2026-03-03
saree fashion,https://i.pinimg.com/60x60/7f/9b/33/7f9b3324e62a6f76ed6a830e1947e16f.jpg,2026-03-03
saree fashion,https://i.pinimg.com/60x60/6b/12/67/6b1267377cd6b6b59fe507660506a7b5.jpg,2026-03-03
saree fashion,https://i.pinimg.com/60x60/12/cd/d8/12cdd877844000cd4e8ca4bb4385e505.jpg,2026-03-03
saree fashion,https://i.pinimg.com/60x60/53/6b/28/536b283fb226e83695aa6a447efe704a.jpg,2026-03-03
saree fashion,https://i.pinimg.com/60x60/39/b8/79/39b8793f6b449fb384a3a1cdb3ce63c8.jpg,2026-03-03
saree fashion,https://i.pinimg.com/60x60/00/32/55/003255df3e0bb57e7e28aea0101396d8.jpg,2026-03-03
saree fashion,https://i.pinimg.com/60x60/b2/33/44/b23344701d059a5e3168a0018bafa0f1.jpg,2026-03-03
saree fashion,https://i.pinimg.com/60x60/dd/a5/7e/dda57e4c33aaacbb0c3aea76adb545a4.jpg,2026-03-03
saree fashion,https://i.pinimg.com/60x60/2c/77/71/2c777198d5024e1ed457cbcfdb649111.jpg,2026-03-03
saree fashion,https://i.pinimg.com/60x60/3e/9d/13/3e9d133699aa980ea3381de5addd3ba0.jpg,2026-03-03
saree fashion,https://i.pinimg.com/60x60/21/e8/dd/21e8ddee803c77e5e5d96cfc65790833.jpg,2026-03-03
saree fashion,https://i.pinimg.com/60x60/75/63/8d/75638da15312206b6447f01e06cb8878.jpg,2026-03-03
saree fashion,https://i.pinimg.com/60x60/5f/59/29/5f59293e0e15a579ddfd0706abf39dce.jpg,2026-03-03
saree fashion,https://i.pinimg.com/videos/thumbnails/originals/34/dd/c9/34ddc9c19a9fce7f4b83c50a9543823e.0000000.jpg,2026-03-03
saree fashion,https://i.pinimg.com/videos/thumbnails/originals/8b/73/2a/8b732ae4210405c50aa9cb486fea12d5.0000000.jpg,2026-03-03
saree fashion,https://i.pinimg.com/videos/thumbnails/originals/cd/87/5e/cd875e3578e78351df89fa8e8410fe57.0000000.jpg,2026-03-03
saree fashion,https://i.pinimg.com/videos/thumbnails/originals/c4/bb/11/c4bb11a67fad09a2ad321592c24c6e6b.0000000.jpg,2026-03-03
kurti pastel,https://i.pinimg.com/60x60/2f/12/a0/2f12a0dd4c3ba49cd7daaa2674c67e2b.jpg,2026-03-03
streetwear india,https://i.pinimg.com/60x60/8b/2a/58/8b2a58354fa3cd6f408a9c176deb4e8e.jpg,2026-03-03
saree fashion,https://i.pinimg.com/60x60/51/1e/52/511e52e6208f4d61d4ee6d868a49b483.jpg,2026-03-03
saree fashion,https://i.pinimg.com/60x60/33/8c/0e/338c0eb3b19010df41739193c720b227.jpg,2026-03-03
saree fashion,https://i.pinimg.com/60x60/1b/28/e9/1b28e9b88884bb2a9ecaec90897bd12a.jpg,2026-03-03
saree fashion,https://i.pinimg.com/60x60/9e/48/f5/9e48f586fdff29880da2052a078ed61a.jpg,2026-03-03
saree fashion,https://i.pinimg.com/60x60/67/aa/bd/67aabd4f0b8842d8d09be7756ac0d331.jpg,2026-03-03
saree fashion,https://i.pinimg.com/60x60/4a/a3/16/4aa316ea65b35e82da4a404960e0abe1.jpg,2026-03-03
saree fashion,https://i.pinimg.com/60x60/9d/14/fa/9d14fa1ce0ecddc6f8011f9684d573c1.jpg,2026-03-03
saree fashion,https://i.pinimg.com/60x60/c0/8a/6b/c08a6b93db05ebdbf4724422f1b63ca8.jpg,2026-03-03
saree fashion,https://i.pinimg.com/60x60/49/19/3b/49193b4af7aaf98b7deae40ef3aaf5bd.jpg,2026-03-03
saree fashion,https://i.pinimg.com/60x60/36/ca/62/36ca623a230b0f152d22d9d580f9bcd8.jpg,2026-03-03
saree fashion,https://i.pinimg.com/60x60/b8/ac/1d/b8ac1d9484dd4747c127a68dbbdad887.jpg,2026-03-03
saree fashion,https://i.pinimg.com/60x60/d9/dd/9a/d9dd9a1c432f24e7514563704bf10377.jpg,2026-03-03
saree fashion,https://i.pinimg.com/60x60/7f/9b/33/7f9b3324e62a6f76ed6a830e1947e16f.jpg,2026-03-03
saree fashion,https://i.pinimg.com/60x60/6b/12/67/6b1267377cd6b6b59fe507660506a7b5.jpg,2026-03-03
saree fashion,https://i.pinimg.com/60x60/12/cd/d8/12cdd877844000cd4e8ca4bb4385e505.jpg,2026-03-03
saree fashion,https://i.pinimg.com/60x60/53/6b/28/536b283fb226e83695aa6a447efe704a.jpg,2026-03-03
saree fashion,https://i.pinimg.com/60x60/39/b8/79/39b8793f6b449fb384a3a1cdb3ce63c8.jpg,2026-03-03
saree fashion,https://i.pinimg.com/60x60/00/32/55/003255df3e0bb57e7e28aea0101396d8.jpg,2026-03-03
saree fashion,https://i.pinimg.com/60x60/b2/33/44/b23344701d059a5e3168a0018bafa0f1.jpg,2026-03-03
saree fashion,https://i.pinimg.com/60x60/dd/a5/7e/dda57e4c33aaacbb0c3aea76adb545a4.jpg,2026-03-03
saree fashion,https://i.pinimg.com/60x60/2c/77/71/2c777198d5024e1ed457cbcfdb649111.jpg,2026-03-03
saree fashion,https://i.pinimg.com/60x60/3e/9d/13/3e9d133699aa980ea3381de5addd3ba0.jpg,2026-03-03
saree fashion,https://i.pinimg.com/60x60/21/e8/dd/21e8ddee803c77e5e5d96cfc65790833.jpg,2026-03-03
saree fashion,https://i.pinimg.com/60x60/75/63/8d/75638da15312206b6447f01e06cb8878.jpg,2026-03-03
saree fashion,https://i.pinimg.com/60x60/5f/59/29/5f59293e0e15a579ddfd0706abf39dce.jpg,2026-03-03
saree fashion,https://i.pinimg.com/originals/5d/f5/80/5df58084930f9fe395e50aff29258c6e.jpg,2026-03-03
saree fashion,https://i.pinimg.com/originals/48/23/a5/4823a58b9264c7745e8ab2081da82c3b.jpg,2026-03-03
saree fashion,https://i.pinimg.com/originals/61/49/ad/6149ad75957682051f9a6c856ee9c6dd.jpg,2026-03-03
saree fashion,https://i.pinimg.com/originals/08/bf/24/08bf240e0c5aa1685dc3504b1f9d0ebc.jpg,2026-03-03
saree fashion,https://i.pinimg.com/originals/b9/e5/02/b9e502162fcd2f246914ba5ab39843aa.jpg,2026-03-03
saree fashion,https://i.pinimg.com/originals/5e/36/be/5e36be28c61e1c49b9964cba401430dc.jpg,2026-03-03
saree fashion,https://i.pinimg.com/originals/6e/b2/85/6eb285517676dd73665d43d96f486e76.jpg,2026-03-03
saree fashion,https://i.pinimg.com/originals/53/ff/a8/53ffa844824804ffc0feb34cbfba3ec6.jpg,2026-03-03
saree fashion,https://i.pinimg.com/originals/9b/0a/3b/9b0a3b87b507def22e295f73478b2953.jpg,2026-03-03
saree fashion,https://i.pinimg.com/originals/d9/f2/ca/d9f2cace0082fc085dcd992653b42ac5.jpg,2026-03-03
saree fashion,https://i.pinimg.com/originals/f2/1d/21/f21d214d4d5839fc84865723831b9e53.jpg,2026-03-03
saree fashion,https://i.pinimg.com/originals/79/65/9f/79659f08ae5e4dcde269ff95b6f53273.jpg,2026-03-03
saree fashion,https://i.pinimg.com/originals/76/d2/e8/76d2e891b51c24247a7c427dfffdffae.jpg,2026-03-03
saree fashion,https://i.pinimg.com/originals/3c/c2/90/3cc2904a83acb666ff308d6a57c40641.jpg,2026-03-03
saree fashion,https://i.pinimg.com/originals/d5/ca/dd/d5caddf871c5054830b903849219ab54.jpg,2026-03-03
kurti pastel,https://i.pinimg.com/60x60/2f/12/a0/2f12a0dd4c3ba49cd7daaa2674c67e2b.jpg,2026-03-03
kurti pastel,https://i.pinimg.com/videos/thumbnails/originals/c3/61/92/c361924f5637c13ad686ae1f1fa797e7.0000000.jpg,2026-03-03
kurti pastel,https://i.pinimg.com/originals/ab/4d/3c/ab4d3c9725e4db2ddc2be18d6bed21a9.jpg,2026-03-03
kurti pastel,https://i.pinimg.com/originals/d3/70/9a/d3709a386da15cc748a1ae0f3b52a89a.jpg,2026-03-03
kurti pastel,https://i.pinimg.com/originals/55/7f/e9/557fe918ca634ff9a1124e1cf61bdc03.jpg,2026-03-03
kurti pastel,https://i.pinimg.com/originals/8a/95/72/8a9572b1c5ebf8f4379e60c2273cc44a.jpg,2026-03-03
kurti pastel,https://i.pinimg.com/originals/1f/4a/3a/1f4a3a59f4810cb791628b996b16af89.jpg,2026-03-03
kurti pastel,https://i.pinimg.com/originals/26/48/57/26485782559fb0cf18c374b69db3755e.jpg,2026-03-03
kurti pastel,https://i.pinimg.com/originals/d6/17/0a/d6170a5db15cb7dc2389ed4ae501252c.jpg,2026-03-03
kurti pastel,https://i.pinimg.com/originals/a0/60/02/a060024a0ffd28714f0e6895627a219d.jpg,2026-03-03
kurti pastel,https://i.pinimg.com/videos/thumbnails/originals/90/bc/e9/90bce9793adfca7c42c64cb0ac75e5e3.0000000.jpg,2026-03-03
kurti pastel,https://i.pinimg.com/videos/thumbnails/originals/2a/9a/2a/2a9a2aac08a3f80a457ed85e106bbfbc.0000000.jpg,2026-03-03
kurti pastel,https://i.pinimg.com/originals/2d/89/4a/2d894a285e1246c63f405ca5c5b34661.jpg,2026-03-03
kurti pastel,https://i.pinimg.com/originals/1a/62/0f/1a620f155d719961083cb234af56320c.jpg,2026-03-03
kurti pastel,https://i.pinimg.com/originals/fb/96/71/fb96719376afef3058b87418608ba4ee.jpg,2026-03-03
streetwear india,https://i.pinimg.com/60x60/8b/2a/58/8b2a58354fa3cd6f408a9c176deb4e8e.jpg,2026-03-03
streetwear india,https://i.pinimg.com/originals/2f/cd/18/2fcd182a5038fa1af114debaff093c56.jpg,2026-03-03
streetwear india,https://i.pinimg.com/originals/ee/e8/e8/eee8e884db1f65edd57b160625f78bb0.jpg,2026-03-03
streetwear india,https://i.pinimg.com/originals/97/2a/a6/972aa674a85ca4bb75badd03e688daf5.jpg,2026-03-03
streetwear india,https://i.pinimg.com/originals/a8/a6/9d/a8a69dc9118d961205904917a4bddb4d.jpg,2026-03-03
streetwear india,https://i.pinimg.com/originals/bc/17/f6/bc17f6175a1ba11a80a0b97b67acceb7.jpg,2026-03-03
streetwear india,https://i.pinimg.com/originals/3e/b2/49/3eb24950eab01a4f59d8c450f3b4d8fd.jpg,2026-03-03
streetwear india,https://i.pinimg.com/originals/af/86/3e/af863e9a5b7f155b06bb51ac51431678.jpg,2026-03-03
streetwear india,https://i.pinimg.com/originals/a6/ea/57/a6ea5755be071e2421733d85b8bfbadd.jpg,2026-03-03
